Expression,Expression_length,Expression_established_position,Expression_uttered_position_speaker,file
be down,2,1,"[0, 1, 485]",SGGE.tsv
mum,1,73,"[0, 73, 313, 339, 353, 365, 435, 719, 928, 939, 964, 971]",SGGE.tsv
be the,2,89,"[0, 42, 89, 132, 212, 236, 445, 483, 491, 535, 587, 802, 944]",SGGE.tsv
time,1,96,"[0, 26, 96, 170, 172, 174, 226, 251, 276, 412, 430, 503, 514, 515, 523, 569, 605, 608, 698, 719, 747, 818, 882]",SGGE.tsv
last time,2,170,"[0, 170, 172, 276, 412, 503, 514, 515, 523, 605, 608]",SGGE.tsv
last,1,514,"[0, 74, 328, 503, 505, 514, 515, 523, 524, 596, 605, 608, 672, 703, 944]",SGGE.tsv
you be,2,459,"[0, 273, 355, 387, 459, 726, 729, 741, 760, 805, 831]",SGGE.tsv
you have,2,121,"[2, 121, 328, 353, 444, 497, 855, 910]",SGGE.tsv
well,1,19,"[4, 14, 19, 23, 57, 67, 78, 83, 101, 147, 172, 178, 187, 213, 215, 216, 217, 238, 268, 276, 286, 300, 306, 307, 350, 351, 354, 360, 363, 388, 395, 397, 402, 409, 413, 432, 453, 456, 478, 491, 574, 582, 592, 609, 612, 631, 659, 660, 662, 675, 685, 698, 700, 710, 714, 717, 745, 746, 759, 777, 789, 836, 856, 876, 878, 886, 888, 893, 896, 906, 912, 948, 954, 956, 964, 965, 984]",SGGE.tsv
as well,2,57,"[4, 57, 78, 300, 363, 456, 746, 759, 878, 964]",SGGE.tsv
do you,2,121,"[4, 121, 161, 265, 288, 290, 296, 302, 306, 322, 325, 328, 330, 332, 336, 365, 367, 420, 435, 454, 491, 532, 556, 576, 636, 639, 649, 695, 731, 775, 805, 811, 905, 909]",SGGE.tsv
when she go,3,9,"[6, 9]",SGGE.tsv
when she,2,37,"[6, 37, 144, 953]",SGGE.tsv
go,1,37,"[6, 9, 37, 59, 137, 141, 165, 167, 180, 186, 219, 238, 288, 301, 307, 328, 335, 375, 377, 391, 397, 437, 475, 493, 494, 495, 503, 505, 506, 509, 532, 575, 592, 599, 618, 622, 630, 646, 655, 709, 713, 719, 734, 744, 763, 764, 771, 775, 778, 781, 785, 793, 795, 890, 893, 898, 920, 954, 964, 987]",SGGE.tsv
be that,2,79,"[6, 79, 134, 284, 306, 310, 343, 389, 441, 444, 564, 573, 583, 597, 632, 634, 934, 951]",SGGE.tsv
she go,2,137,"[6, 137, 954]",SGGE.tsv
go away,2,186,"[6, 186, 618]",SGGE.tsv
yeah,1,10,"[5, 10, 11, 12, 13, 15, 21, 23, 26, 28, 32, 34, 35, 36, 39, 41, 49, 51, 52, 53, 55, 57, 58, 64, 66, 71, 72, 74, 76, 82, 83, 86, 87, 90, 97, 114, 116, 122, 131, 134, 139, 149, 151, 155, 157, 162, 165, 168, 170, 190, 201, 204, 205, 207, 210, 212, 239, 262, 265, 280, 285, 289, 297, 311, 315, 317, 319, 326, 328, 331, 333, 348, 352, 359, 361, 366, 371, 372, 377, 379, 380, 383, 398, 399, 400, 405, 416, 424, 438, 439, 442, 445, 466, 486, 488, 492, 503, 504, 506, 516, 521, 525, 533, 546, 549, 553, 558, 565, 568, 574, 577, 579, 582, 584, 587, 590, 593, 595, 608, 615, 621, 633, 634, 642, 683, 687, 689, 693, 699, 700, 704, 705, 718, 725, 728, 730, 732, 736, 739, 742, 743, 745, 748, 758, 767, 769, 770, 781, 782, 785, 792, 793, 795, 798, 810, 812, 816, 820, 822, 823, 832, 834, 840, 848, 850, 852, 859, 864, 865, 879, 881, 883, 884, 888, 890, 897, 899, 906, 912, 919, 924, 935, 946, 952, 960, 964, 966, 967, 976, 978, 979]",SGGE.tsv
that's,1,19,"[10, 19, 54, 74, 107, 108, 110, 111, 183, 192, 204, 218, 267, 306, 388, 407, 428, 548, 549, 582, 608, 634, 654, 655, 692, 694, 721, 759, 761, 773, 784, 862, 880, 898, 916, 931, 933, 964, 965, 980]",SGGE.tsv
isn't it,2,63,"[10, 54, 63, 64, 101, 185, 189, 191, 210, 246, 286, 308, 437, 472, 503, 520, 567, 655, 692, 896, 918]",SGGE.tsv
oh yeah,2,83,"[10, 74, 83, 201, 210, 379, 466, 506, 593, 718]",SGGE.tsv
yeah oh,2,466,"[10, 12, 74, 466, 590]",SGGE.tsv
oh it's,2,27,"[12, 27]",SGGE.tsv
nice,1,27,"[12, 27, 33, 36, 56, 57, 68, 74, 90, 152, 191, 305, 336, 353, 437, 444, 861, 927]",SGGE.tsv
a nice,2,57,"[12, 57, 74, 90, 305, 861]",SGGE.tsv
it's a,2,63,"[12, 32, 34, 63, 269, 407, 445, 571, 773, 793, 796, 851, 856, 893, 937]",SGGE.tsv
like,1,17,"[14, 17, 19, 31, 97, 123, 133, 152, 183, 189, 194, 215, 218, 228, 257, 273, 326, 333, 346, 357, 362, 363, 411, 454, 484, 505, 513, 537, 564, 569, 574, 588, 594, 608, 684, 709, 721, 725, 749, 759, 773, 775, 794, 796, 885, 914, 961, 964, 968, 979]",SGGE.tsv
money,1,37,"[14, 22, 37, 715, 759, 775, 796, 828, 893, 896, 898]",SGGE.tsv
tell,1,83,"[14, 83, 243, 396, 398, 443, 507, 623, 697, 964]",SGGE.tsv
a bite,2,127,"[14, 127, 132, 202, 275, 363, 407, 445, 446, 455, 552, 851, 861]",SGGE.tsv
bite like,2,133,"[14, 133]",SGGE.tsv
suppose,1,141,"[14, 141, 182, 200, 308, 686, 793, 856, 858, 886, 906]",SGGE.tsv
you can,2,168,"[14, 168, 298, 312, 377, 391, 393, 480, 667]",SGGE.tsv
they've,1,194,"[14, 22, 38, 194, 592, 596, 775, 964]",SGGE.tsv
bite,1,253,"[14, 127, 130, 132, 133, 202, 248, 253, 260, 262, 274, 275, 277, 310, 353, 363, 407, 445, 446, 455, 465, 524, 552, 608, 637, 638, 658, 845, 851, 861, 869]",SGGE.tsv
like the,2,796,"[14, 273, 454, 513, 796]",SGGE.tsv
money on,2,828,"[14, 22, 828, 898]",SGGE.tsv
i suppose,2,856,"[14, 200, 686, 793, 856, 858, 886]",SGGE.tsv
clean,1,272,"[16, 132, 272, 904, 905, 914]",SGGE.tsv
i haven't,2,197,"[18, 197, 987]",SGGE.tsv
oh no,2,420,"[18, 218, 246, 355, 420, 422, 499, 526]",SGGE.tsv
notice,1,664,"[18, 664, 870]",SGGE.tsv
no i,2,685,"[18, 54, 218, 407, 499, 505, 685, 715, 886]",SGGE.tsv
i'm,1,55,"[22, 55, 93, 108, 293, 300, 359, 382, 406, 448, 543, 578, 672, 715, 719, 745, 775]",SGGE.tsv
why haven't,2,386,"[22, 386]",SGGE.tsv
they haven't,2,418,"[22, 418, 599]",SGGE.tsv
i'm surprise,2,543,"[22, 543]",SGGE.tsv
bits and,2,25,"[24, 25]",SGGE.tsv
and the,2,880,"[24, 791, 880, 964]",SGGE.tsv
the bathroom,2,27,"[26, 27, 684]",SGGE.tsv
i think,2,43,"[26, 43, 96, 178, 293, 354, 355, 377, 420, 422, 424, 476, 524, 525, 580, 603, 678, 685, 709, 711, 719, 721, 749, 771, 961]",SGGE.tsv
it be,2,57,"[26, 57, 85, 148, 155, 219, 246, 320, 437, 440, 504, 590, 741, 749, 750, 752, 763, 804, 805, 810, 951]",SGGE.tsv
think,1,61,"[26, 43, 54, 61, 96, 110, 143, 161, 165, 178, 181, 182, 199, 293, 322, 324, 354, 355, 374, 377, 406, 420, 422, 424, 476, 491, 524, 539, 580, 587, 603, 609, 671, 678, 685, 709, 711, 715, 719, 721, 749, 750, 771, 778, 920, 954, 956, 961]",SGGE.tsv
have a,2,73,"[26, 73, 90, 96, 121, 127, 305, 311, 351, 375, 591, 695, 775, 866, 875]",SGGE.tsv
one,1,73,"[26, 73, 74, 76, 80, 93, 137, 170, 177, 178, 219, 221, 274, 276, 277, 278, 279, 301, 302, 322, 324, 328, 336, 347, 422, 423, 426, 440, 491, 503, 564, 582, 587, 650, 709, 719, 773, 818, 842, 855, 858, 861, 862, 872, 874, 882, 888, 900, 902, 944, 964, 974]",SGGE.tsv
be a,2,127,"[26, 114, 127, 141, 228, 273, 446, 476, 504, 524, 537, 605, 741, 760, 821, 825, 831]",SGGE.tsv
a long time,3,698,"[26, 698]",SGGE.tsv
it be a,3,741,"[26, 504, 741]",SGGE.tsv
time i,2,747,"[26, 569, 608, 747]",SGGE.tsv
long,1,504,"[26, 64, 119, 456, 504, 569, 806, 958, 959, 963]",SGGE.tsv
one time,2,818,"[26, 818, 882]",SGGE.tsv
be do,2,830,"[26, 703, 830, 956]",SGGE.tsv
yeah yeah,2,492,"[28, 52, 86, 371, 492, 700, 879]",SGGE.tsv
all the,2,39,"[30, 39, 53, 251, 326, 721, 893]",SGGE.tsv
room,1,186,"[30, 114, 132, 183, 185, 186, 189]",SGGE.tsv
and i,2,414,"[30, 216, 363, 414, 711, 721, 745, 890, 987]",SGGE.tsv
it's a it's a,4,63,"[32, 63]",SGGE.tsv
good,1,360,"[34, 76, 360, 431, 630, 694, 719, 825]",SGGE.tsv
solar panel,2,38,"[37, 38, 42]",SGGE.tsv
get,1,38,"[37, 38, 56, 60, 74, 82, 93, 113, 114, 126, 148, 153, 158, 183, 185, 187, 194, 198, 199, 215, 217, 226, 238, 242, 248, 250, 252, 255, 265, 270, 286, 290, 293, 298, 347, 354, 359, 363, 365, 366, 370, 380, 386, 406, 411, 418, 427, 441, 459, 462, 466, 470, 471, 472, 476, 501, 502, 508, 529, 532, 535, 540, 550, 589, 591, 592, 596, 613, 622, 624, 627, 629, 638, 655, 662, 666, 684, 699, 700, 705, 709, 716, 721, 734, 744, 778, 785, 789, 818, 836, 866, 900, 919, 942, 956, 964, 966, 984, 987]",SGGE.tsv
they've get,2,194,"[38, 194, 592, 964]",SGGE.tsv
really,1,537,"[40, 134, 210, 300, 407, 427, 513, 537, 550, 696, 719, 759, 805, 807, 809, 813]",SGGE.tsv
on the roof,3,42,"[39, 42]",SGGE.tsv
on the,2,110,"[39, 42, 110, 237, 248, 293, 420, 577, 597]",SGGE.tsv
much,1,706,"[42, 44, 241, 365, 407, 705, 706, 711, 714, 726, 741, 750, 773, 775, 896, 956]",SGGE.tsv
how much,2,741,"[42, 44, 711, 741, 775]",SGGE.tsv
have that,2,596,"[46, 101, 377, 596]",SGGE.tsv
oh be,2,133,"[48, 133, 343, 389, 421, 573, 583, 589, 606, 620, 932, 934, 951]",SGGE.tsv
it wasn't,2,788,"[50, 397, 719, 788, 878]",SGGE.tsv
power,1,96,"[52, 96]",SGGE.tsv
anything,1,366,"[52, 246, 365, 366, 411, 415, 647]",SGGE.tsv
do that,2,685,"[52, 54, 265, 616, 684, 685]",SGGE.tsv
what do,2,708,"[52, 136, 328, 708, 850, 909]",SGGE.tsv
know,1,55,"[54, 55, 91, 98, 135, 144, 160, 174, 219, 254, 273, 302, 320, 363, 387, 394, 416, 432, 466, 501, 502, 564, 580, 581, 630, 670, 695, 696, 699, 701, 711, 715, 719, 744, 759, 775, 777, 779, 796, 803, 852, 861, 894, 899, 949, 956, 966, 980]",SGGE.tsv
i don't think,3,61,"[54, 61, 110, 143, 182, 199, 374, 539, 609, 671, 711, 721, 750]",SGGE.tsv
i don't,2,98,"[54, 91, 98, 110, 143, 144, 182, 185, 199, 322, 357, 374, 387, 427, 428, 440, 501, 528, 539, 564, 580, 609, 630, 658, 670, 671, 696, 711, 721, 737, 750, 759, 775]",SGGE.tsv
know she,2,135,"[54, 135]",SGGE.tsv
that that's,2,192,"[54, 192, 218]",SGGE.tsv
oh i,2,299,"[54, 299, 394, 440, 710]",SGGE.tsv
it it's,2,215,"[54, 64, 215, 796]",SGGE.tsv
behind,1,278,"[56, 278]",SGGE.tsv
still,1,572,"[56, 290, 427, 540, 572, 679, 721, 759, 773]",SGGE.tsv
ever,1,199,"[60, 199, 396]",SGGE.tsv
build,1,862,"[60, 815, 862, 906, 907]",SGGE.tsv
provide,1,878,"[60, 825, 878]",SGGE.tsv
you don't,2,852,"[62, 647, 775, 852, 853, 905]",SGGE.tsv
yeah i,2,64,"[53, 55, 64, 97, 170, 366, 416, 525, 579, 587, 699, 822, 899]",SGGE.tsv
that own it,3,800,"[64, 800]",SGGE.tsv
own it,2,800,"[64, 800]",SGGE.tsv
as long as,3,963,"[64, 456, 963]",SGGE.tsv
kiki,1,68,"[67, 68, 69, 282, 286, 929, 930, 942, 943]",SGGE.tsv
's,1,79,"[70, 79, 121, 132, 181, 185, 186, 200, 234, 246, 538, 613, 631, 681, 703, 708, 713, 715, 777, 785, 849, 875, 964]",SGGE.tsv
wasn't it,2,85,"[70, 85, 825, 831, 965]",SGGE.tsv
that be,2,106,"[70, 106, 114, 178, 209, 563, 622, 670, 709, 775, 831, 944]",SGGE.tsv
kitten,1,276,"[70, 90, 276, 515, 516, 957, 964]",SGGE.tsv
of 's,2,613,"[70, 538, 613]",SGGE.tsv
another,1,660,"[70, 407, 660, 840]",SGGE.tsv
cat yeah,2,168,"[72, 168]",SGGE.tsv
four,1,199,"[72, 199]",SGGE.tsv
cat,1,199,"[72, 105, 114, 168, 199, 273, 300, 453, 454, 460, 519, 588, 589, 592, 596, 958, 964, 966]",SGGE.tsv
from a,2,788,"[72, 788]",SGGE.tsv
a while,2,954,"[72, 954, 956]",SGGE.tsv
but i,2,74,"[57, 74, 110, 199, 715, 721, 747, 771]",SGGE.tsv
of the,2,74,"[73, 74, 150, 209, 417, 419, 490, 608, 709, 775, 791, 893, 896, 900]",SGGE.tsv
get a,2,113,"[74, 113, 148, 187, 265, 286, 386, 427, 529, 622, 624, 744, 964]",SGGE.tsv
see,1,123,"[74, 123, 126, 144, 273, 290, 406, 411, 446, 468, 671, 681, 742, 987]",SGGE.tsv
the one,2,278,"[74, 80, 278, 582, 842, 872, 900, 902, 944]",SGGE.tsv
i have,2,354,"[74, 238, 354, 395, 397, 412, 750, 890]",SGGE.tsv
need,1,420,"[74, 91, 93, 288, 300, 322, 324, 420, 502, 898]",SGGE.tsv
that's the,2,428,"[74, 428, 721, 759, 880]",SGGE.tsv
job,1,681,"[74, 681, 703, 875, 916]",SGGE.tsv
uni,1,716,"[74, 716, 778]",SGGE.tsv
at uni,2,741,"[74, 741]",SGGE.tsv
of the one,3,900,"[74, 900]",SGGE.tsv
i've,1,170,"[76, 144, 170, 199, 354, 377, 380, 382, 406, 529, 557, 622, 624, 638, 956, 987]",SGGE.tsv
use my,2,366,"[76, 228, 240, 366, 401, 403, 404]",SGGE.tsv
use,1,215,"[76, 215, 218, 228, 240, 274, 277, 279, 327, 366, 370, 401, 402, 403, 404, 407, 612, 709, 866, 878, 921]",SGGE.tsv
well it's,2,276,"[78, 276, 896]",SGGE.tsv
buy,1,137,"[80, 137, 138, 327, 336, 339, 524, 898, 964]",SGGE.tsv
er the one,3,872,"[80, 872]",SGGE.tsv
we get,2,386,"[82, 386]",SGGE.tsv
yeah we,2,506,"[82, 506, 739, 906]",SGGE.tsv
didn't we,2,726,"[84, 726]",SGGE.tsv
a lot,2,90,"[47, 90, 159, 760, 761, 964]",SGGE.tsv
lot,1,90,"[47, 90, 760, 761, 882, 964]",SGGE.tsv
you do,2,115,"[90, 115, 265, 328, 371, 500, 502, 703, 775, 870, 909]",SGGE.tsv
a lot of,3,159,"[90, 159, 964]",SGGE.tsv
lot of,2,159,"[90, 159, 880, 964]",SGGE.tsv
do have,2,412,"[90, 412]",SGGE.tsv
i don't know what,4,98,"[91, 98, 630, 759]",SGGE.tsv
don't know what,3,174,"[91, 174, 630, 759, 775]",SGGE.tsv
though,1,366,"[91, 97, 114, 119, 152, 189, 246, 302, 336, 366, 419, 427, 481, 552, 580, 670, 788]",SGGE.tsv
i don't know,3,501,"[91, 144, 387, 501, 564, 580, 630, 670, 696, 759]",SGGE.tsv
don't know,2,852,"[91, 144, 302, 363, 387, 564, 630, 670, 759, 852]",SGGE.tsv
i'm not sure,3,93,"[55, 93]",SGGE.tsv
sure,1,108,"[93, 108, 421]",SGGE.tsv
in there,2,194,"[93, 185, 194, 306, 347, 535, 977]",SGGE.tsv
two,1,388,"[93, 388, 424, 426, 427, 516, 518, 537, 587, 840, 906]",SGGE.tsv
many,1,412,"[93, 412, 793, 804, 822, 964, 966]",SGGE.tsv
ones,1,609,"[93, 114, 407, 609]",SGGE.tsv
three,1,764,"[93, 764]",SGGE.tsv
and more,2,842,"[93, 842]",SGGE.tsv
without,1,418,"[95, 377, 418]",SGGE.tsv
like that,2,97,"[17, 19, 97, 189, 257, 333, 484, 775, 885]",SGGE.tsv
er yeah,2,890,"[97, 890]",SGGE.tsv
she be,2,99,"[37, 99, 516]",SGGE.tsv
which be,2,802,"[101, 587, 715, 771, 777, 802]",SGGE.tsv
wanna,1,123,"[103, 123, 185, 385, 471, 528, 647, 896]",SGGE.tsv
keep,1,219,"[103, 120, 165, 218, 219, 234, 359, 948]",SGGE.tsv
talk,1,105,"[37, 105, 448]",SGGE.tsv
to the,2,105,"[59, 105, 954, 956]",SGGE.tsv
the cat,2,453,"[105, 273, 300, 453, 454, 592]",SGGE.tsv
just take,2,107,"[23, 107, 538]",SGGE.tsv
take,1,107,"[23, 94, 107, 237, 318, 437, 498, 525, 526, 538, 576, 664, 709, 775, 850, 866, 870, 953, 954]",SGGE.tsv
surprise,1,543,"[107, 543, 622]",SGGE.tsv
it just,2,948,"[107, 326, 948, 964]",SGGE.tsv
maximus,1,109,"[108, 109, 111]",SGGE.tsv
i mean,2,111,"[31, 53, 57, 111, 140, 173, 175, 185, 226, 238, 288, 300, 381, 407, 463, 472, 505, 536, 587, 589, 608, 721, 723, 747, 759, 778, 822, 866]",SGGE.tsv
i mean it,3,111,"[53, 57, 111]",SGGE.tsv
that's what,2,111,"[110, 111, 548, 549, 784, 965]",SGGE.tsv
collar,1,111,"[110, 111]",SGGE.tsv
could,1,818,"[111, 154, 452, 485, 818, 819]",SGGE.tsv
meow,1,112,"[100, 112]",SGGE.tsv
do the,2,114,"[23, 114, 288, 314, 682, 684, 769]",SGGE.tsv
bits and bob,3,114,"[25, 114]",SGGE.tsv
stuff,1,114,"[94, 114, 721, 725, 759, 775, 885]",SGGE.tsv
pretty,1,114,"[102, 113, 114, 360, 493, 634]",SGGE.tsv
a pretty,2,114,"[113, 114]",SGGE.tsv
little,1,114,"[113, 114, 119, 191, 260, 354, 366, 368, 406, 465, 524, 550, 608, 657, 668, 744]",SGGE.tsv
he be,2,159,"[114, 159, 161, 524, 546, 549, 688, 710, 715, 719, 836, 920, 923]",SGGE.tsv
there be,2,176,"[114, 176, 236, 535, 605, 670, 822, 824, 825]",SGGE.tsv
in the,2,262,"[114, 156, 262, 266, 326, 406, 502, 533, 534, 537, 558, 580, 630, 669, 749, 785, 815, 890, 900, 906, 907, 956, 968, 974]",SGGE.tsv
remember,1,440,"[114, 440, 737, 741, 811, 833]",SGGE.tsv
yeah he,2,700,"[114, 546, 700, 840]",SGGE.tsv
when they,2,119,"[31, 119]",SGGE.tsv
years,1,119,"[51, 119, 703, 773, 775]",SGGE.tsv
they be,2,141,"[119, 141, 515]",SGGE.tsv
do they,2,716,"[119, 591, 630, 716]",SGGE.tsv
that long,2,806,"[119, 806]",SGGE.tsv
i do,2,366,"[122, 366, 398, 456, 725, 763, 833]",SGGE.tsv
the tv,2,237,"[126, 237, 238, 472, 652]",SGGE.tsv
must,1,130,"[96, 130, 206, 218, 260, 828, 896, 956]",SGGE.tsv
it bite,2,133,"[130, 133]",SGGE.tsv
mess,1,313,"[132, 313]",SGGE.tsv
yeah but,2,134,"[57, 134, 398, 705, 888]",SGGE.tsv
look,1,134,"[121, 134, 148, 202, 203, 318, 337, 564, 572, 574, 588, 591, 612, 679, 986, 987]",SGGE.tsv
at that,2,168,"[134, 168]",SGGE.tsv
tv,1,237,"[134, 237, 292, 409, 463, 652, 653]",SGGE.tsv
on it,2,215,"[136, 215, 217, 498, 828]",SGGE.tsv
they have,2,142,"[37, 39, 73, 142, 165, 191, 719, 759, 868, 875, 888]",SGGE.tsv
smoke,1,145,"[142, 144, 145]",SGGE.tsv
cos,1,144,"[17, 144, 194, 218, 226, 326, 350, 382, 398, 399, 409, 513, 537, 580, 591, 603, 617, 719, 722, 729, 744, 791, 825, 847, 890, 937, 964, 987]",SGGE.tsv
maybe,1,147,"[144, 147, 377, 715, 742, 744]",SGGE.tsv
a picture,2,386,"[144, 386]",SGGE.tsv
there's,1,468,"[144, 200, 306, 409, 415, 468, 554, 562, 580, 582, 587, 854, 906]",SGGE.tsv
cos er,2,603,"[144, 603]",SGGE.tsv
box,1,490,"[144, 490, 502, 583, 646]",SGGE.tsv
social,1,146,"[145, 146]",SGGE.tsv
she's have,2,148,"[125, 148]",SGGE.tsv
key,1,582,"[148, 582]",SGGE.tsv
out of the,3,490,"[150, 490, 896]",SGGE.tsv
she like her,3,362,"[152, 362]",SGGE.tsv
right,1,154,"[59, 154, 267, 392, 585, 604, 938, 979]",SGGE.tsv
sleep,1,186,"[154, 186]",SGGE.tsv
oh right,2,392,"[154, 267, 392, 585, 938]",SGGE.tsv
so they,2,418,"[154, 418, 502]",SGGE.tsv
something,1,864,"[154, 183, 248, 288, 324, 332, 411, 505, 567, 571, 622, 709, 713, 863, 864, 905, 961, 964, 987]",SGGE.tsv
bedroom,1,156,"[121, 156]",SGGE.tsv
get er,2,199,"[158, 199, 418]",SGGE.tsv
unnamed so,2,160,"[159, 160]",SGGE.tsv
him and,2,623,"[160, 623]",SGGE.tsv
feel,1,658,"[160, 409, 658]",SGGE.tsv
come,1,161,"[153, 161, 194, 221, 250, 304, 312, 343, 419, 437, 484, 560, 605, 734, 773, 788, 886, 948, 949, 951, 956]",SGGE.tsv
be feed,2,164,"[161, 164, 580, 954]",SGGE.tsv
do you think,3,491,"[161, 322, 491]",SGGE.tsv
feed,1,578,"[161, 165, 578, 580, 954]",SGGE.tsv
you think,2,778,"[161, 322, 778]",SGGE.tsv
come in,2,886,"[161, 773, 886, 948]",SGGE.tsv
the door be close,4,165,"[141, 165]",SGGE.tsv
close,1,165,"[141, 165, 234, 286]",SGGE.tsv
give it,2,170,"[165, 170, 238]",SGGE.tsv
do it,2,350,"[165, 171, 350, 373, 375, 398, 406, 579, 608, 678, 685, 719, 830, 831]",SGGE.tsv
let's,1,462,"[165, 462]",SGGE.tsv
would have,2,600,"[165, 579, 600, 603, 671, 715, 821, 956]",SGGE.tsv
would,1,600,"[165, 234, 241, 273, 495, 579, 600, 603, 671, 715, 821, 855, 858, 956]",SGGE.tsv
go down,2,890,"[165, 890]",SGGE.tsv
although,1,937,"[165, 937]",SGGE.tsv
can't,1,167,"[94, 167, 177, 215, 218, 257, 314, 354, 377, 410, 414, 418, 741, 888]",SGGE.tsv
fish,1,167,"[159, 167, 351, 353, 437, 669]",SGGE.tsv
name,1,177,"[104, 177, 200, 448, 928]",SGGE.tsv
this one,2,219,"[177, 219, 221, 274]",SGGE.tsv
even,1,368,"[177, 218, 290, 368, 617, 619, 775, 858, 885]",SGGE.tsv
yet,1,658,"[177, 463, 599, 658, 786, 898, 986, 987]",SGGE.tsv
so she,2,956,"[177, 956]",SGGE.tsv
give,1,179,"[165, 170, 179, 238, 452, 455, 493, 499]",SGGE.tsv
think it's,2,181,"[178, 181, 422, 711, 961]",SGGE.tsv
's room,2,186,"[181, 186]",SGGE.tsv
what be,2,183,"[79, 183, 263, 358, 497, 688, 762, 771, 811, 980]",SGGE.tsv
be it,2,183,"[129, 133, 183, 193, 252, 267, 323, 326, 345, 358, 669, 688, 805, 843, 847, 851, 905, 916, 932, 980]",SGGE.tsv
what be it,3,358,"[183, 358, 688]",SGGE.tsv
gonna,1,185,"[92, 185, 187, 194, 237, 248, 437, 472, 495, 497, 498, 501, 502, 544, 709, 920, 971]",SGGE.tsv
in 's,2,185,"[121, 185, 186, 777]",SGGE.tsv
the door,2,185,"[141, 185]",SGGE.tsv
sleep in 's room,4,186,"[185, 186]",SGGE.tsv
sleep in,2,186,"[185, 186, 630]",SGGE.tsv
the cat's gonna get in there,6,194,"[185, 194]",SGGE.tsv
i'll,1,225,"[185, 225, 311, 322, 327, 351, 363, 378, 455, 507, 591, 715]",SGGE.tsv
it i,2,215,"[185, 215, 370, 980]",SGGE.tsv
get in,2,406,"[185, 406]",SGGE.tsv
gonna get,2,501,"[185, 187, 501, 709]",SGGE.tsv
i mean the,3,747,"[185, 472, 505, 747]",SGGE.tsv
open,1,804,"[185, 804, 805, 806]",SGGE.tsv
in that,2,868,"[185, 587, 868, 980]",SGGE.tsv
the cat's gonna get,4,194,"[187, 194]",SGGE.tsv
well the,2,453,"[187, 453, 675]",SGGE.tsv
be like that,3,189,"[17, 19, 189, 257]",SGGE.tsv
be like,2,189,"[31, 189, 257]",SGGE.tsv
that for,2,191,"[17, 19, 191, 227]",SGGE.tsv
what's,1,191,"[104, 110, 191, 200, 227, 427, 563, 662, 669, 888, 901, 928]",SGGE.tsv
bed,1,191,"[125, 153, 191, 630, 631]",SGGE.tsv
thing,1,462,"[191, 290, 407, 462, 511, 564, 759, 956]",SGGE.tsv
what's that,2,563,"[191, 227, 563, 662, 669]",SGGE.tsv
everything,1,794,"[191, 721, 794, 802]",SGGE.tsv
oh be it,3,193,"[133, 193, 843, 905, 932]",SGGE.tsv
have the,2,196,"[125, 196, 391]",SGGE.tsv
patience,1,199,"[196, 199]",SGGE.tsv
don't have,2,631,"[196, 631, 639, 775]",SGGE.tsv
this be,2,200,"[31, 67, 89, 98, 127, 200, 210, 228, 233, 234, 348, 635]",SGGE.tsv
be that 's,3,200,"[79, 200]",SGGE.tsv
picture,1,386,"[200, 386]",SGGE.tsv
er what's,2,888,"[200, 888]",SGGE.tsv
old,1,262,"[202, 262, 575, 836]",SGGE.tsv
quite,1,204,"[159, 204, 700, 710, 923, 925, 954]",SGGE.tsv
must have,2,206,"[96, 206, 828]",SGGE.tsv
she must have,3,956,"[206, 956]",SGGE.tsv
work,1,406,"[212, 238, 240, 377, 406, 411, 413, 471, 495, 695, 698, 719, 729, 744, 747, 900, 906, 907]",SGGE.tsv
well just,2,216,"[23, 216]",SGGE.tsv
i can,2,366,"[216, 240, 366, 368]",SGGE.tsv
help,1,716,"[216, 716, 719]",SGGE.tsv
ask,1,890,"[216, 300, 715, 890]",SGGE.tsv
be here,2,218,"[170, 218, 257, 276, 412, 430, 608, 634]",SGGE.tsv
i can't,2,354,"[218, 354, 410, 414, 741, 888]",SGGE.tsv
password,1,235,"[218, 234, 235, 358, 359, 986, 987]",SGGE.tsv
use the,2,327,"[218, 327, 370]",SGGE.tsv
to use,2,218,"[215, 218, 228, 402, 404]",SGGE.tsv
the wi fi,3,428,"[218, 224, 240, 359, 428, 444]",SGGE.tsv
that's it,2,654,"[218, 654]",SGGE.tsv
for the,2,698,"[218, 224, 363, 698, 703, 709, 752, 796, 798]",SGGE.tsv
i be,2,237,"[218, 237, 608, 747]",SGGE.tsv
ask for,2,890,"[218, 890]",SGGE.tsv
i'd,1,956,"[218, 228, 537, 956]",SGGE.tsv
try and,2,366,"[220, 366, 471]",SGGE.tsv
find,1,366,"[220, 238, 316, 366, 494, 557, 558, 949]",SGGE.tsv
have to,2,378,"[220, 288, 328, 378, 395, 397, 639, 715, 719, 721, 722, 726, 741, 742, 750, 759, 775, 782, 855, 910, 914]",SGGE.tsv
have you,2,222,"[75, 222, 431, 984]",SGGE.tsv
text,1,225,"[222, 225]",SGGE.tsv
in here,2,224,"[141, 224, 353]",SGGE.tsv
she get,2,226,"[37, 226, 365, 596, 613, 778, 956]",SGGE.tsv
the time,2,226,"[174, 226, 251, 719]",SGGE.tsv
text her now,3,226,"[225, 226]",SGGE.tsv
back,1,782,"[226, 657, 775, 782, 949]",SGGE.tsv
this be a,3,228,"[127, 228]",SGGE.tsv
to use my,3,404,"[228, 404]",SGGE.tsv
anything else,2,366,"[230, 366]",SGGE.tsv
might,1,420,"[234, 300, 420, 513, 537, 685, 713, 963]",SGGE.tsv
wi fi,2,428,"[234, 428]",SGGE.tsv
perhaps,1,440,"[234, 440, 590, 608]",SGGE.tsv
we've,1,238,"[1, 238, 286, 759, 773, 900]",SGGE.tsv
get the,2,366,"[238, 366, 380, 462, 466, 502, 592, 721, 942, 987]",SGGE.tsv
if i,2,366,"[238, 366]",SGGE.tsv
we've get,2,900,"[238, 286, 900]",SGGE.tsv
now so,2,956,"[238, 956]",SGGE.tsv
and that,2,241,"[73, 241, 902]",SGGE.tsv
calm down,2,261,"[241, 248, 260, 261]",SGGE.tsv
would be,2,858,"[241, 858]",SGGE.tsv
better,1,262,"[241, 262, 312, 407, 655, 956]",SGGE.tsv
no it's,2,246,"[63, 213, 246, 422, 479, 527]",SGGE.tsv
and we,2,246,"[174, 246]",SGGE.tsv
he bark,2,246,"[243, 246]",SGGE.tsv
oh no it's,3,422,"[246, 422]",SGGE.tsv
earlier,1,603,"[246, 411, 603]",SGGE.tsv
then have,2,914,"[246, 638, 914]",SGGE.tsv
dog,1,448,"[248, 357, 448, 454, 458, 544, 589, 590]",SGGE.tsv
the floor,2,625,"[248, 446, 597, 625]",SGGE.tsv
down get,2,662,"[248, 662]",SGGE.tsv
floor,1,671,"[248, 446, 597, 608, 671]",SGGE.tsv
make,1,796,"[248, 324, 345, 357, 373, 431, 759, 796, 896]",SGGE.tsv
or something,2,864,"[248, 411, 505, 571, 709, 713, 863, 864, 964]",SGGE.tsv
come on,2,250,"[194, 250, 304, 437, 484, 734]",SGGE.tsv
get to,2,354,"[250, 354, 508, 789]",SGGE.tsv
be so,2,822,"[250, 290, 407, 759, 822]",SGGE.tsv
get down,2,627,"[252, 627, 662, 734]",SGGE.tsv
i know,2,254,"[135, 254, 320, 416, 502, 699, 715, 744, 779, 796, 803, 899]",SGGE.tsv
a little,2,354,"[260, 354, 465, 524, 550, 657, 744]",SGGE.tsv
he must,2,828,"[260, 828]",SGGE.tsv
what be that,3,263,"[79, 263]",SGGE.tsv
that's not,2,267,"[108, 267, 898, 916]",SGGE.tsv
not a,2,796,"[267, 796]",SGGE.tsv
never,1,394,"[273, 394, 713, 714, 721, 949]",SGGE.tsv
hurt,1,971,"[273, 971]",SGGE.tsv
call,1,284,"[108, 110, 145, 284]",SGGE.tsv
what he,2,549,"[284, 549]",SGGE.tsv
that what,2,902,"[284, 902]",SGGE.tsv
get this,2,286,"[153, 286, 596]",SGGE.tsv
actually,1,370,"[286, 324, 370, 477, 487, 543, 647, 818, 987]",SGGE.tsv
get a picture,3,386,"[286, 386, 427]",SGGE.tsv
have we,2,412,"[286, 412, 427]",SGGE.tsv
haven't get,2,418,"[286, 418]",SGGE.tsv
enough,1,447,"[286, 447]",SGGE.tsv
to get,2,502,"[286, 502, 508, 866, 956]",SGGE.tsv
go on,2,288,"[141, 180, 288, 377, 397, 437, 622, 713, 734, 744]",SGGE.tsv
we don't,2,288,"[174, 288, 463]",SGGE.tsv
you just,2,288,"[245, 288, 357, 377, 427, 768]",SGGE.tsv
else i,2,366,"[288, 366]",SGGE.tsv
the other,2,516,"[288, 479, 482, 516, 518]",SGGE.tsv
want,1,432,"[288, 306, 310, 363, 387, 432, 435, 463, 532, 554, 556, 719, 775, 777, 795, 886]",SGGE.tsv
be this,2,290,"[233, 290, 409, 421, 527]",SGGE.tsv
sky,1,298,"[295, 298, 304, 418, 419]",SGGE.tsv
you might,2,420,"[300, 420]",SGGE.tsv
need to,2,420,"[300, 420]",SGGE.tsv
please,1,436,"[300, 436, 890]",SGGE.tsv
i mean what,3,747,"[300, 747]",SGGE.tsv
be able to,3,828,"[300, 828]",SGGE.tsv
to do,2,874,"[300, 411, 684, 775, 874, 966]",SGGE.tsv
bbc,1,388,"[301, 302, 388]",SGGE.tsv
don't know how,3,501,"[302, 501]",SGGE.tsv
to be,2,304,"[141, 279, 304, 420, 771, 777, 782, 878]",SGGE.tsv
be come,2,956,"[304, 956]",SGGE.tsv
that's be,2,306,"[19, 306]",SGGE.tsv
be in,2,306,"[57, 141, 306, 514, 749, 777, 980]",SGGE.tsv
tea,1,559,"[305, 306, 309, 351, 431, 435, 559, 560, 562, 576, 622, 624]",SGGE.tsv
that what you,3,902,"[306, 310, 902]",SGGE.tsv
not in,2,916,"[306, 322, 916]",SGGE.tsv
not it's,2,422,"[308, 422]",SGGE.tsv
it's all,2,319,"[308, 319, 749]",SGGE.tsv
entertainment,1,866,"[308, 866, 874]",SGGE.tsv
can do,2,368,"[312, 368]",SGGE.tsv
mum's,1,318,"[37, 318, 459]",SGGE.tsv
it out,2,914,"[318, 914]",SGGE.tsv
kitchen,1,322,"[31, 37, 92, 322, 554, 556, 822, 890]",SGGE.tsv
i'll have,2,322,"[311, 322, 378, 591, 715]",SGGE.tsv
miss,1,768,"[322, 324, 768]",SGGE.tsv
of them,2,322,"[270, 279, 322, 906, 968, 974]",SGGE.tsv
she'd,1,954,"[322, 324, 676, 954, 964]",SGGE.tsv
put,1,324,"[37, 301, 324, 409, 902, 905]",SGGE.tsv
it with,2,406,"[324, 406]",SGGE.tsv
shall i,2,650,"[324, 650, 987]",SGGE.tsv
cos when,2,398,"[326, 398]",SGGE.tsv
either,1,671,"[326, 411, 671, 719]",SGGE.tsv
when you,2,760,"[326, 391, 497, 524, 760, 778, 831]",SGGE.tsv
go out,2,328,"[137, 307, 328, 503, 506]",SGGE.tsv
yeah you,2,328,"[168, 328, 371]",SGGE.tsv
do with,2,406,"[328, 406, 909, 966]",SGGE.tsv
with the,2,716,"[328, 365, 716, 775]",SGGE.tsv
you have to,3,910,"[328, 855, 910]",SGGE.tsv
it up,2,382,"[329, 330, 382, 459, 603]",SGGE.tsv
blow,1,888,"[329, 330, 888]",SGGE.tsv
of it,2,332,"[176, 332, 964]",SGGE.tsv
where do,2,336,"[221, 336, 636]",SGGE.tsv
russell,1,545,"[336, 343, 545, 551]",SGGE.tsv
come from,2,343,"[221, 343, 788, 949, 951]",SGGE.tsv
one in,2,900,"[347, 900]",SGGE.tsv
save,1,351,"[47, 351, 537]",SGGE.tsv
anyway,1,351,"[199, 351, 535, 580]",SGGE.tsv
and chip,2,888,"[351, 353, 437, 888]",SGGE.tsv
be you,2,353,"[92, 141, 272, 353, 421, 437, 497, 805]",SGGE.tsv
sorry,1,355,"[106, 355, 357, 444, 555]",SGGE.tsv
i think you,3,420,"[355, 377, 420]",SGGE.tsv
think you,2,671,"[355, 377, 671]",SGGE.tsv
check out,2,956,"[355, 956]",SGGE.tsv
oh sorry,2,357,"[106, 357]",SGGE.tsv
bark,1,357,"[243, 357]",SGGE.tsv
send,1,357,"[354, 357, 855]",SGGE.tsv
message,1,357,"[354, 357, 377, 987]",SGGE.tsv
around,1,430,"[357, 363, 430, 709]",SGGE.tsv
odey,1,450,"[357, 449, 450, 451, 528, 618, 627, 662, 665, 666]",SGGE.tsv
plant,1,360,"[359, 360, 363]",SGGE.tsv
to have,2,866,"[363, 694, 827, 866]",SGGE.tsv
like a,2,914,"[363, 569, 914]",SGGE.tsv
you get,2,501,"[365, 441, 501, 535, 589, 984]",SGGE.tsv
too much,2,956,"[365, 750, 956]",SGGE.tsv
didn't you,2,768,"[371, 505, 768]",SGGE.tsv
if you,2,373,"[243, 245, 261, 373, 375, 377, 387, 775, 855]",SGGE.tsv
turn,1,382,"[373, 375, 377, 382, 391, 397, 411, 427, 646, 650, 651, 652, 793]",SGGE.tsv
change the,2,377,"[37, 377, 417]",SGGE.tsv
you can't,2,377,"[94, 377, 418]",SGGE.tsv
it on,2,377,"[293, 377, 409, 411, 427]",SGGE.tsv
turn it,2,382,"[377, 382, 411, 427, 646, 793]",SGGE.tsv
i bet,2,406,"[377, 406, 710]",SGGE.tsv
just turn,2,652,"[377, 391, 427, 652, 793]",SGGE.tsv
change,1,508,"[37, 377, 417, 508, 778, 831, 833]",SGGE.tsv
as a,2,804,"[377, 785, 804]",SGGE.tsv
the i,2,888,"[377, 888]",SGGE.tsv
if it's,2,963,"[377, 885, 963]",SGGE.tsv
about it,2,956,"[381, 415, 719, 956]",SGGE.tsv
worry,1,956,"[381, 956]",SGGE.tsv
i just wanna,3,471,"[385, 471]",SGGE.tsv
show,1,477,"[385, 387, 477]",SGGE.tsv
say,1,387,"[137, 387, 455, 556, 703, 719, 785, 861, 890, 954]",SGGE.tsv
want to,2,886,"[387, 719, 777, 886]",SGGE.tsv
i just,2,455,"[385, 391, 455, 471, 777, 861]",SGGE.tsv
well i,2,395,"[83, 178, 350, 354, 395, 397, 402, 432, 609, 856]",SGGE.tsv
try,1,399,"[366, 399, 409, 411, 471]",SGGE.tsv
now it's,2,796,"[399, 796]",SGGE.tsv
twice the,2,824,"[399, 824]",SGGE.tsv
and use,2,401,"[366, 401, 878]",SGGE.tsv
use my thumb,3,404,"[401, 404]",SGGE.tsv
finger,1,403,"[366, 368, 403, 406]",SGGE.tsv
so much,2,706,"[407, 705, 706, 726, 773, 896]",SGGE.tsv
with a,2,914,"[407, 861, 863, 914]",SGGE.tsv
i wouldn't,2,409,"[170, 409, 777]",SGGE.tsv
so i,2,409,"[354, 409, 501, 750, 777, 890]",SGGE.tsv
obviously,1,447,"[409, 417, 447, 745]",SGGE.tsv
no sound,2,468,"[409, 468]",SGGE.tsv
which be why,3,802,"[409, 802]",SGGE.tsv
move,1,411,"[31, 411]",SGGE.tsv
mean,1,411,"[31, 53, 57, 411, 699, 747, 778, 822, 861, 866]",SGGE.tsv
it's like,2,411,"[123, 411, 569, 796, 968]",SGGE.tsv
it's not,2,411,"[215, 276, 410, 411, 422, 477, 585, 669, 759, 796]",SGGE.tsv
it's not move,3,411,"[410, 411]",SGGE.tsv
well it,2,574,"[413, 574, 876, 948]",SGGE.tsv
nothing,1,415,"[215, 415, 641, 747, 782]",SGGE.tsv
probably,1,417,"[164, 390, 417, 479, 601, 604, 661, 789]",SGGE.tsv
the oh,2,420,"[417, 420]",SGGE.tsv
have i,2,508,"[419, 508, 638, 741]",SGGE.tsv
understand,1,427,"[414, 427, 428]",SGGE.tsv
oh that,2,431,"[180, 431]",SGGE.tsv
be you gonna,3,437,"[92, 437, 497]",SGGE.tsv
of course,2,718,"[444, 595, 718, 775, 906]",SGGE.tsv
be a bite,3,446,"[127, 446]",SGGE.tsv
animals,1,446,"[141, 446]",SGGE.tsv
it off,2,446,"[382, 446, 646]",SGGE.tsv
the animals,2,578,"[446, 578]",SGGE.tsv
have have,2,452,"[96, 412, 452]",SGGE.tsv
as they,2,594,"[456, 594]",SGGE.tsv
they don't,2,631,"[456, 631]",SGGE.tsv
no we,2,557,"[463, 557]",SGGE.tsv
for a,2,698,"[465, 657, 698, 719]",SGGE.tsv
you're gonna get,3,501,"[472, 501]",SGGE.tsv
be there,2,726,"[472, 606, 726, 760, 811, 824]",SGGE.tsv
start,1,716,"[474, 716, 785, 793, 808, 964]",SGGE.tsv
get it,2,476,"[293, 370, 418, 459, 471, 476, 964]",SGGE.tsv
just get,2,476,"[462, 470, 476, 591]",SGGE.tsv
mute,1,477,"[476, 477, 480, 482, 483, 489, 495]",SGGE.tsv
think be,2,491,"[476, 491]",SGGE.tsv
it's probably,2,601,"[479, 601]",SGGE.tsv
the volume,2,491,"[485, 491]",SGGE.tsv
night,1,495,"[159, 495, 580]",SGGE.tsv
there we,2,726,"[495, 655, 726]",SGGE.tsv
we're,1,498,"[495, 498, 509, 890, 892]",SGGE.tsv
last time we,3,503,"[170, 276, 412, 503]",SGGE.tsv
first,1,503,"[370, 462, 471, 503, 726, 741, 747, 804, 806, 808]",SGGE.tsv
time we,2,503,"[430, 503]",SGGE.tsv
first one,2,503,"[440, 503]",SGGE.tsv
like this,2,505,"[31, 505]",SGGE.tsv
when we,2,505,"[37, 505, 605, 964]",SGGE.tsv
week,1,749,"[505, 749]",SGGE.tsv
tell you,2,507,"[83, 443, 507]",SGGE.tsv
go to,2,509,"[9, 301, 509, 763, 771, 778, 785, 793, 795, 954, 964]",SGGE.tsv
we're not,2,890,"[509, 890, 892]",SGGE.tsv
next,1,511,"[366, 511, 956]",SGGE.tsv
it's the,2,513,"[178, 426, 513, 896]",SGGE.tsv
kitten last time,3,515,"[276, 515]",SGGE.tsv
erm the,2,872,"[520, 872]",SGGE.tsv
he i think he,4,580,"[524, 580]",SGGE.tsv
smaller,1,842,"[524, 842]",SGGE.tsv
oh no you,3,526,"[420, 526]",SGGE.tsv
you take,2,576,"[526, 576]",SGGE.tsv
him in,2,526,"[266, 526, 631]",SGGE.tsv
take him,2,954,"[526, 954]",SGGE.tsv
and get,2,532,"[471, 532, 987]",SGGE.tsv
get them,2,613,"[532, 613]",SGGE.tsv
go and,2,532,"[219, 532, 781, 898, 987]",SGGE.tsv
have some,2,890,"[536, 659, 890]",SGGE.tsv
do he,2,540,"[261, 540, 542, 684, 688, 709, 835, 870]",SGGE.tsv
he get,2,836,"[540, 721, 785, 836]",SGGE.tsv
he's,1,544,"[108, 110, 251, 434, 447, 544, 545, 551, 686, 698, 701, 709, 715, 836]",SGGE.tsv
god,1,894,"[544, 894]",SGGE.tsv
not gonna,2,971,"[544, 971]",SGGE.tsv
that's what he,3,549,"[548, 549]",SGGE.tsv
jack russell,2,550,"[545, 550, 551]",SGGE.tsv
aren't they,2,552,"[141, 552]",SGGE.tsv
jack,1,552,"[545, 551, 552]",SGGE.tsv
they're,1,552,"[533, 552, 709, 761, 771, 775, 872, 885, 887, 888, 897]",SGGE.tsv
yeah no,2,558,"[424, 558]",SGGE.tsv
no we find,3,558,"[557, 558]",SGGE.tsv
where's,1,560,"[559, 560, 646, 893]",SGGE.tsv
look like,2,574,"[564, 574, 588]",SGGE.tsv
slow cooker,2,570,"[566, 569, 570]",SGGE.tsv
for a long,3,698,"[569, 698]",SGGE.tsv
cooker,1,571,"[570, 571]",SGGE.tsv
have do,2,579,"[420, 579, 685, 831]",SGGE.tsv
have do it,3,685,"[579, 685]",SGGE.tsv
she would have,3,956,"[579, 956]",SGGE.tsv
she know,2,956,"[581, 956]",SGGE.tsv
yeah i mean,3,587,"[53, 587, 822]",SGGE.tsv
that one,2,587,"[137, 276, 422, 491, 587, 650]",SGGE.tsv
one behind,2,587,"[278, 587]",SGGE.tsv
think be the,3,587,"[491, 587]",SGGE.tsv
leave,1,587,"[262, 453, 523, 529, 582, 587, 639, 647, 682]",SGGE.tsv
biscuits,1,589,"[580, 588, 589, 590]",SGGE.tsv
cat biscuits,2,589,"[588, 589]",SGGE.tsv
dog biscuits,2,590,"[589, 590]",SGGE.tsv
be they,2,762,"[589, 620, 762, 855]",SGGE.tsv
have a look,3,591,"[121, 591]",SGGE.tsv
day,1,591,"[137, 591, 890, 964]",SGGE.tsv
once a day,3,591,"[159, 591]",SGGE.tsv
poo,1,605,"[597, 605, 608]",SGGE.tsv
hard,1,786,"[599, 786]",SGGE.tsv
mm probably,2,604,"[390, 604]",SGGE.tsv
she have,2,608,"[37, 608, 609, 672, 673, 780, 789, 964]",SGGE.tsv
he do,2,608,"[261, 541, 608, 682, 684, 709]",SGGE.tsv
she have these,3,609,"[608, 609]",SGGE.tsv
sofas,1,609,"[608, 609]",SGGE.tsv
yeah she,2,782,"[608, 782, 964]",SGGE.tsv
for some,2,890,"[608, 719, 890]",SGGE.tsv
they look,2,612,"[588, 612]",SGGE.tsv
new,1,622,"[125, 622, 775]",SGGE.tsv
i've get,2,622,"[199, 354, 380, 406, 529, 622, 624, 638, 987]",SGGE.tsv
jump,1,921,"[624, 921, 956]",SGGE.tsv
allow,1,874,"[626, 775, 874, 885, 887, 888, 890]",SGGE.tsv
not allow,2,890,"[626, 885, 890, 892]",SGGE.tsv
check,1,956,"[641, 956]",SGGE.tsv
just turn the,3,652,"[651, 652]",SGGE.tsv
tv off,2,653,"[652, 653]",SGGE.tsv
dad's,1,714,"[659, 703, 714]",SGGE.tsv
hungry,1,661,"[658, 661]",SGGE.tsv
down odey down,3,665,"[627, 665]",SGGE.tsv
down odey,2,665,"[662, 665]",SGGE.tsv
so you,2,908,"[667, 905, 908]",SGGE.tsv
funny,1,668,"[127, 668]",SGGE.tsv
i'm sure,2,672,"[108, 672]",SGGE.tsv
no i'm,2,672,"[293, 672]",SGGE.tsv
when i,2,672,"[370, 398, 672, 763, 808, 861]",SGGE.tsv
have this,2,672,"[580, 672]",SGGE.tsv
no she,2,674,"[673, 674, 972]",SGGE.tsv
she didn't,2,782,"[674, 782, 949, 953, 956]",SGGE.tsv
i think they,3,678,"[96, 678]",SGGE.tsv
no he do,3,682,"[541, 682]",SGGE.tsv
and then,2,764,"[682, 754, 764, 914, 956, 964]",SGGE.tsv
they get,2,684,"[153, 684]",SGGE.tsv
do they get,3,716,"[684, 716]",SGGE.tsv
an electrician,2,691,"[688, 690, 691, 707]",SGGE.tsv
you know,2,695,"[55, 219, 466, 695, 719, 777, 852, 861]",SGGE.tsv
always,1,695,"[251, 366, 402, 404, 695, 713, 715, 850]",SGGE.tsv
know that,2,699,"[394, 699]",SGGE.tsv
yeah i know,3,699,"[416, 699, 899]",SGGE.tsv
he should get,3,700,"[699, 700]",SGGE.tsv
pension,1,700,"[699, 700]",SGGE.tsv
he's have,2,701,"[447, 701]",SGGE.tsv
you don't know,3,852,"[701, 775, 852]",SGGE.tsv
but you,2,852,"[701, 852]",SGGE.tsv
that 's,2,703,"[79, 703, 875]",SGGE.tsv
pay,1,705,"[51, 53, 705, 710, 721, 722, 723, 726, 741, 742, 750, 752, 754, 759, 771, 775, 778, 782, 785, 852, 855, 888]",SGGE.tsv
pay so much,3,726,"[705, 726]",SGGE.tsv
get pay,2,778,"[705, 778, 785]",SGGE.tsv
but he,2,828,"[705, 828]",SGGE.tsv
before and,2,709,"[174, 219, 709]",SGGE.tsv
get like,2,709,"[194, 709, 721]",SGGE.tsv
he do he,3,709,"[261, 709]",SGGE.tsv
i think he,3,709,"[580, 709, 711]",SGGE.tsv
he take,2,709,"[664, 709]",SGGE.tsv
for the council,3,709,"[698, 709]",SGGE.tsv
council,1,709,"[698, 709, 812, 852]",SGGE.tsv
know how,2,711,"[501, 502, 711]",SGGE.tsv
earn,1,747,"[711, 747]",SGGE.tsv
parent,1,713,"[613, 713, 717, 719, 786]",SGGE.tsv
combine,1,714,"[713, 714]",SGGE.tsv
combine wag,2,741,"[713, 741]",SGGE.tsv
have be,2,715,"[17, 164, 600, 715, 821, 828, 830, 956, 964, 982]",SGGE.tsv
be i,2,715,"[98, 715]",SGGE.tsv
but i'm sure,3,715,"[108, 715, 719]",SGGE.tsv
i dunno,2,715,"[215, 299, 588, 598, 715]",SGGE.tsv
dunno,1,299,"[291, 299, 344, 516, 588, 598, 715]",SGGE.tsv
i always,2,715,"[366, 402, 404, 715]",SGGE.tsv
i'll have to,3,715,"[378, 715]",SGGE.tsv
be on,2,715,"[418, 420, 715]",SGGE.tsv
think he,2,715,"[580, 715, 721, 920]",SGGE.tsv
would have be,3,715,"[600, 715, 821, 956]",SGGE.tsv
with him,2,715,"[623, 625, 715]",SGGE.tsv
be but,2,741,"[715, 741]",SGGE.tsv
year,1,719,"[1, 19, 527, 719, 726, 741, 763, 771, 773, 944]",SGGE.tsv
a year,2,719,"[19, 719, 763, 771]",SGGE.tsv
and they,2,719,"[39, 592, 719, 775]",SGGE.tsv
but it,2,719,"[155, 719, 806]",SGGE.tsv
so he,2,719,"[164, 719, 721]",SGGE.tsv
he he,2,719,"[261, 719, 721, 836]",SGGE.tsv
cos he,2,719,"[580, 719]",SGGE.tsv
work for,2,719,"[698, 719]",SGGE.tsv
wasn't a,2,719,"[237, 719, 741]",SGGE.tsv
parent weren't,2,786,"[719, 786]",SGGE.tsv
it they,2,896,"[719, 896]",SGGE.tsv
his mum,2,939,"[719, 939]",SGGE.tsv
mum and,2,971,"[719, 971]",SGGE.tsv
thousand,1,721,"[43, 721, 763, 764, 771]",SGGE.tsv
but i mean,3,721,"[57, 721, 747]",SGGE.tsv
but i don't think,4,721,"[110, 199, 721]",SGGE.tsv
think that's,2,721,"[110, 721]",SGGE.tsv
else,1,473,"[230, 288, 366, 473, 721]",SGGE.tsv
i never,2,721,"[394, 721]",SGGE.tsv
mine,1,721,"[714, 721]",SGGE.tsv
have to pay,3,722,"[721, 722, 726, 741, 742, 750, 775, 855]",SGGE.tsv
loan,1,724,"[721, 724, 750, 759, 775]",SGGE.tsv
full,1,747,"[721, 747]",SGGE.tsv
pound,1,749,"[721, 749]",SGGE.tsv
grant,1,780,"[721, 780]",SGGE.tsv
pay back,2,782,"[721, 775, 782]",SGGE.tsv
like i,2,796,"[721, 725, 796]",SGGE.tsv
to pay,2,888,"[721, 742, 750, 775, 855, 888]",SGGE.tsv
tuition,1,723,"[716, 723, 727, 742, 744, 750, 759, 760, 785]",SGGE.tsv
pay his,2,723,"[722, 723]",SGGE.tsv
the tuition,2,727,"[716, 727]",SGGE.tsv
no down,2,733,"[662, 733, 912]",SGGE.tsv
i don't remember,3,737,"[440, 737]",SGGE.tsv
he have,2,742,"[337, 580, 742, 840]",SGGE.tsv
at some,2,746,"[96, 746]",SGGE.tsv
exactly,1,748,"[605, 748, 893]",SGGE.tsv
i i,2,750,"[354, 366, 747, 750, 778]",SGGE.tsv
pay for,2,752,"[53, 752, 754, 759, 771, 778, 785, 888]",SGGE.tsv
to pay for,3,888,"[752, 754, 759, 888]",SGGE.tsv
it's because,2,759,"[243, 759]",SGGE.tsv
and it's,2,759,"[219, 410, 759]",SGGE.tsv
still have,2,759,"[572, 759]",SGGE.tsv
have these,2,759,"[609, 759]",SGGE.tsv
huge,1,759,"[741, 759]",SGGE.tsv
to make money,3,796,"[759, 796]",SGGE.tsv
i mean i,3,822,"[759, 822]",SGGE.tsv
a lot higher,3,761,"[760, 761]",SGGE.tsv
when i do,3,763,"[398, 763]",SGGE.tsv
pound a,2,763,"[749, 763]",SGGE.tsv
to university,2,780,"[763, 780, 785, 789, 795]",SGGE.tsv
i go,2,890,"[763, 890, 987]",SGGE.tsv
twelve,1,961,"[763, 771, 961]",SGGE.tsv
about nine,2,963,"[763, 771, 963]",SGGE.tsv
nine,1,963,"[763, 771, 963]",SGGE.tsv
yeah they,2,767,"[51, 767, 979]",SGGE.tsv
fee,1,769,"[716, 760, 769]",SGGE.tsv
thousand i think,3,771,"[43, 771]",SGGE.tsv
up to,2,771,"[59, 764, 771]",SGGE.tsv
to be pay,3,782,"[771, 782]",SGGE.tsv
since,1,773,"[125, 596, 600, 601, 773, 838]",SGGE.tsv
completely,1,796,"[773, 796]",SGGE.tsv
don't know what you're,4,775,"[98, 775]",SGGE.tsv
any more,2,775,"[170, 775, 890]",SGGE.tsv
sign,1,775,"[176, 477, 775]",SGGE.tsv
how you,2,775,"[501, 775]",SGGE.tsv
and they can,3,775,"[592, 775]",SGGE.tsv
private,1,804,"[775, 804, 847]",SGGE.tsv
take out,2,866,"[775, 866]",SGGE.tsv
allow to,2,888,"[775, 887, 888, 892]",SGGE.tsv
company,1,896,"[775, 896]",SGGE.tsv
but of course,3,906,"[775, 906]",SGGE.tsv
to be in,3,777,"[141, 777]",SGGE.tsv
particularly,1,916,"[777, 916]",SGGE.tsv
for go,2,781,"[778, 781]",SGGE.tsv
be pay,2,785,"[782, 785]",SGGE.tsv
the er,2,872,"[785, 872]",SGGE.tsv
background,1,789,"[788, 789]",SGGE.tsv
wouldn't have,2,830,"[789, 830]",SGGE.tsv
well she,2,954,"[789, 954]",SGGE.tsv
level of,2,856,"[791, 856]",SGGE.tsv
a business,2,796,"[793, 796]",SGGE.tsv
profit,1,828,"[797, 828]",SGGE.tsv
the organisation,2,800,"[799, 800]",SGGE.tsv
when it be,3,805,"[804, 805]",SGGE.tsv
when it,2,806,"[805, 806]",SGGE.tsv
be open,2,806,"[805, 806]",SGGE.tsv
there at,2,818,"[805, 818]",SGGE.tsv
the same,2,815,"[178, 605, 815, 857]",SGGE.tsv
there be a,3,825,"[605, 825]",SGGE.tsv
that in,2,827,"[669, 827, 902]",SGGE.tsv
when you be,3,831,"[760, 831]",SGGE.tsv
otherwise he wouldn't have,4,831,"[830, 831]",SGGE.tsv
otherwise,1,956,"[831, 956]",SGGE.tsv
be it a,3,847,"[129, 847]",SGGE.tsv
one be,2,855,"[276, 855]",SGGE.tsv
nicer one,2,858,"[855, 858]",SGGE.tsv
i say,2,890,"[861, 890]",SGGE.tsv
garden,1,863,"[362, 863]",SGGE.tsv
to me,2,867,"[588, 867]",SGGE.tsv
they have a,3,875,"[73, 875]",SGGE.tsv
now they're,2,885,"[872, 885]",SGGE.tsv
school,1,886,"[885, 886]",SGGE.tsv
sing,1,886,"[885, 886, 887]",SGGE.tsv
sluice,1,901,"[900, 901]",SGGE.tsv
you put,2,905,"[902, 905]",SGGE.tsv
work in the,3,907,"[906, 907]",SGGE.tsv
the whole,2,942,"[907, 942]",SGGE.tsv
down the,2,912,"[911, 912]",SGGE.tsv
down the toilet,3,913,"[912, 913]",SGGE.tsv
toilet,1,914,"[913, 914]",SGGE.tsv
toilet brush,2,915,"[914, 915]",SGGE.tsv
least,1,920,"[658, 920]",SGGE.tsv
home,1,920,"[796, 840, 920, 947, 964]",SGGE.tsv
in your,2,920,"[916, 920]",SGGE.tsv
the cat's,2,928,"[194, 928]",SGGE.tsv
the the,2,928,"[370, 726, 928]",SGGE.tsv
billy,1,934,"[73, 931, 932, 933, 934]",SGGE.tsv
adopt,1,945,"[944, 945]",SGGE.tsv
she come from,3,951,"[788, 951]",SGGE.tsv
be pregnant,2,956,"[951, 956]",SGGE.tsv
pregnant,1,956,"[951, 956, 958]",SGGE.tsv
it in,2,953,"[892, 953]",SGGE.tsv
that have be,3,964,"[17, 964, 982]",SGGE.tsv
i tell you,3,964,"[83, 443, 964]",SGGE.tsv
one day,2,964,"[137, 964]",SGGE.tsv
and get it,3,964,"[471, 964]",SGGE.tsv
oh she,2,964,"[613, 964]",SGGE.tsv
it as,2,964,"[804, 964]",SGGE.tsv
lose,1,964,"[506, 828, 964]",SGGE.tsv
know what,2,966,"[98, 174, 966, 980]",SGGE.tsv
outside,1,968,"[418, 968]",SGGE.tsv
blue,1,980,"[127, 980]",SGGE.tsv
i should,2,954,"[262, 954, 987]",SGGE.tsv
look yet,2,987,"[986, 987]",SGGE.tsv
oh you,2,287,"[2, 287]",SGGE.tsv
stay,1,256,"[4, 74, 119, 256, 473, 630, 667, 738, 781, 871, 958]",SGGE.tsv
oh yeah oh,3,466,"[10, 74, 466]",SGGE.tsv
alright,1,970,"[10, 78, 195, 212, 248, 351, 407, 439, 699, 970, 980]",SGGE.tsv
on like,2,484,"[14, 484]",SGGE.tsv
it be a long,4,504,"[26, 504]",SGGE.tsv
ago,1,504,"[26, 119, 504, 775]",SGGE.tsv
yeah the,2,516,"[26, 28, 204, 359, 516]",SGGE.tsv
yeah it's,2,319,"[32, 34, 76, 319, 577, 793]",SGGE.tsv
bill,1,941,"[46, 941]",SGGE.tsv
it do,2,219,"[54, 219, 332, 676, 688]",SGGE.tsv
whatever,1,268,"[54, 268, 271]",SGGE.tsv
i didn't,2,350,"[54, 88, 350, 432, 455, 735, 750, 980]",SGGE.tsv
i didn't know,3,432,"[54, 432, 980]",SGGE.tsv
bad,1,494,"[66, 494, 918]",SGGE.tsv
be another,2,660,"[70, 660]",SGGE.tsv
while ago,2,504,"[72, 504]",SGGE.tsv
press,1,294,"[74, 294, 301, 482]",SGGE.tsv
we buy,2,327,"[80, 327]",SGGE.tsv
but this,2,233,"[88, 233]",SGGE.tsv
have a nice,3,305,"[90, 305]",SGGE.tsv
the kitten,2,516,"[90, 516, 964]",SGGE.tsv
unless,1,490,"[99, 101, 218, 490]",SGGE.tsv
cup,1,305,"[103, 305, 309]",SGGE.tsv
there i,2,262,"[114, 262]",SGGE.tsv
kind of,2,335,"[114, 335, 855]",SGGE.tsv
up in,2,473,"[114, 473]",SGGE.tsv
cor,1,496,"[114, 496]",SGGE.tsv
bite of,2,262,"[130, 262, 353, 363, 608, 851]",SGGE.tsv
bite of a,3,262,"[132, 262, 407]",SGGE.tsv
buy it,2,339,"[138, 339]",SGGE.tsv
and i've,2,529,"[144, 529]",SGGE.tsv
i get,2,508,"[148, 508, 721]",SGGE.tsv
car,1,537,"[148, 537]",SGGE.tsv
out of,2,215,"[150, 215, 896, 919]",SGGE.tsv
door,1,502,"[141, 165, 185, 502, 533]",SGGE.tsv
there you,2,459,"[167, 391, 459, 475, 493, 494, 535, 630, 647, 920]",SGGE.tsv
there you go,3,475,"[167, 391, 475, 493, 494, 630, 920]",SGGE.tsv
can you,2,478,"[167, 169, 226, 290, 377, 478]",SGGE.tsv
oh do,2,325,"[171, 325, 614]",SGGE.tsv
do what,2,262,"[183, 262]",SGGE.tsv
watch,1,498,"[183, 498, 647]",SGGE.tsv
what's that for,3,227,"[191, 227]",SGGE.tsv
weird,1,233,"[191, 233]",SGGE.tsv
days,1,262,"[196, 262]",SGGE.tsv
er er,2,303,"[200, 303]",SGGE.tsv
yeah this be,3,348,"[210, 348]",SGGE.tsv
yeah be the,3,445,"[212, 445]",SGGE.tsv
somewhere,1,346,"[218, 220, 346, 377]",SGGE.tsv
cos i'd like to,4,537,"[218, 537]",SGGE.tsv
cos i,2,350,"[226, 350, 987]",SGGE.tsv
my own,2,348,"[228, 240, 348, 638]",SGGE.tsv
i'd like to,3,537,"[228, 537]",SGGE.tsv
horse,1,461,"[232, 461, 498, 641]",SGGE.tsv
the where,2,301,"[234, 301]",SGGE.tsv
there be the,3,535,"[236, 535]",SGGE.tsv
teletext,1,461,"[238, 288, 290, 298, 461, 470, 494, 502]",SGGE.tsv
get on,2,248,"[217, 248]",SGGE.tsv
bite me,2,274,"[248, 274, 277, 869]",SGGE.tsv
he will,2,457,"[254, 457]",SGGE.tsv
and a tub of water,5,263,"[262, 263]",SGGE.tsv
concrete,1,263,"[262, 263]",SGGE.tsv
concrete and a,3,263,"[262, 263]",SGGE.tsv
and a,2,309,"[263, 265, 309, 311, 957]",SGGE.tsv
concrete and a and a,5,265,"[262, 265]",SGGE.tsv
a tub of water,4,267,"[262, 267]",SGGE.tsv
river,1,269,"[266, 269]",SGGE.tsv
didn't know,2,432,"[273, 432, 949, 966]",SGGE.tsv
kinky,1,284,"[279, 281, 283, 284, 286, 514, 921, 927, 928]",SGGE.tsv
kinky be,2,514,"[284, 514]",SGGE.tsv
the other control,3,482,"[288, 482]",SGGE.tsv
don't need,2,502,"[288, 502]",SGGE.tsv
the teletext,2,502,"[288, 502]",SGGE.tsv
get teletext,2,470,"[290, 298, 470]",SGGE.tsv
control,1,482,"[290, 481, 482, 964]",SGGE.tsv
oh do you,3,325,"[296, 325, 367]",SGGE.tsv
might be,2,537,"[300, 537, 713]",SGGE.tsv
how to,2,302,"[215, 302]",SGGE.tsv
to bbc one,3,302,"[301, 302]",SGGE.tsv
know how to,3,502,"[302, 502]",SGGE.tsv
cup of tea,3,306,"[305, 306, 309, 351, 431, 435, 562, 624]",SGGE.tsv
you want,2,432,"[306, 310, 432, 435, 532, 554, 556]",SGGE.tsv
what you,2,502,"[306, 310, 502, 902]",SGGE.tsv
in my,2,529,"[306, 322, 529, 535]",SGGE.tsv
bread,1,473,"[314, 316, 473]",SGGE.tsv
know it be,3,320,"[219, 320]",SGGE.tsv
one of them,3,322,"[279, 322, 974]",SGGE.tsv
water,1,324,"[262, 324]",SGGE.tsv
it down,2,326,"[213, 326]",SGGE.tsv
yeah this,2,348,"[326, 348]",SGGE.tsv
blow it up,3,330,"[329, 330]",SGGE.tsv
a slice,2,349,"[309, 311, 349]",SGGE.tsv
you go,2,475,"[377, 475, 494]",SGGE.tsv
it'll,1,484,"[377, 484, 660]",SGGE.tsv
you say,2,556,"[387, 556]",SGGE.tsv
use it,2,407,"[215, 407]",SGGE.tsv
better to,2,407,"[262, 407]",SGGE.tsv
it's a bite,3,445,"[407, 445, 851]",SGGE.tsv
too bad,2,494,"[409, 494]",SGGE.tsv
be we,2,411,"[307, 411]",SGGE.tsv
oh dear,2,466,"[427, 466, 962, 964]",SGGE.tsv
dear,1,466,"[427, 466, 559, 962, 964]",SGGE.tsv
toast,1,431,"[309, 311, 431, 444, 659]",SGGE.tsv
about the,2,448,"[431, 448]",SGGE.tsv
gonna take,2,437,"[237, 437]",SGGE.tsv
where the,2,516,"[444, 446, 516]",SGGE.tsv
a bite harder,3,446,"[445, 446]",SGGE.tsv
the crust,2,446,"[445, 446]",SGGE.tsv
the dog,2,454,"[448, 454]",SGGE.tsv
on me,2,921,"[456, 544, 921]",SGGE.tsv
thingamajig,1,467,"[466, 467]",SGGE.tsv
button,1,483,"[294, 301, 483]",SGGE.tsv
mute button,2,483,"[482, 483]",SGGE.tsv
we go,2,506,"[495, 505, 506, 655, 964]",SGGE.tsv
do in,2,497,"[262, 497]",SGGE.tsv
out there,2,503,"[262, 503, 516, 529, 587]",SGGE.tsv
we go out,3,506,"[503, 506]",SGGE.tsv
mcdonalds,1,509,"[508, 509]",SGGE.tsv
the car,2,537,"[522, 537]",SGGE.tsv
play,1,528,"[213, 528]",SGGE.tsv
play with,2,528,"[502, 528]",SGGE.tsv
in the glove compartment,4,534,"[533, 534]",SGGE.tsv
take a,2,538,"[498, 538, 709]",SGGE.tsv
a couple of,3,538,"[529, 538, 773]",SGGE.tsv
a couple,2,538,"[537, 538, 773]",SGGE.tsv
roll,1,558,"[473, 558]",SGGE.tsv
a long,2,569,"[504, 569, 698]",SGGE.tsv
i'll have a,3,591,"[311, 591]",SGGE.tsv
like to,2,608,"[537, 608]",SGGE.tsv
i've get a,3,622,"[529, 622, 624]",SGGE.tsv
what they,2,630,"[262, 630]",SGGE.tsv
mother,1,634,"[535, 634]",SGGE.tsv
sit,1,740,"[634, 740, 755]",SGGE.tsv
to leave,2,639,"[262, 639]",SGGE.tsv
nothing on,2,641,"[215, 641]",SGGE.tsv
leave them,2,647,"[529, 647]",SGGE.tsv
before we,2,660,"[657, 660]",SGGE.tsv
hour,1,661,"[660, 661]",SGGE.tsv
be gonna,2,709,"[237, 709, 920]",SGGE.tsv
he'll,1,709,"[253, 709]",SGGE.tsv
round,1,709,"[266, 709]",SGGE.tsv
one of,2,709,"[279, 709, 719]",SGGE.tsv
know it,2,715,"[219, 715]",SGGE.tsv
it didn't,2,715,"[333, 715]",SGGE.tsv
it cos,2,719,"[350, 719]",SGGE.tsv
end up,2,721,"[473, 721]",SGGE.tsv
think i,2,750,"[525, 750]",SGGE.tsv
what they do,3,759,"[262, 759]",SGGE.tsv
kind,1,759,"[335, 759]",SGGE.tsv
disgust,1,761,"[321, 761]",SGGE.tsv
he wouldn't,2,830,"[523, 830, 831]",SGGE.tsv
bite you,2,861,"[253, 861]",SGGE.tsv
do i,2,964,"[508, 964]",SGGE.tsv
i should do,3,987,"[262, 987]",SGGE.tsv
in this,2,508,"[31, 508]",SGGE.tsv
talk about,2,448,"[37, 448]",SGGE.tsv
they will,2,977,"[51, 977]",SGGE.tsv
in a,2,473,"[57, 473]",SGGE.tsv
be my,2,348,"[106, 348]",SGGE.tsv
you're not,2,494,"[141, 494]",SGGE.tsv
i don't think so,4,539,"[143, 374, 539]",SGGE.tsv
yeah and,2,333,"[155, 333, 745, 890]",SGGE.tsv
bloody,1,466,"[168, 176, 180, 199, 245, 466, 506, 900]",SGGE.tsv
shut,1,213,"[180, 213]",SGGE.tsv
shut up,2,244,"[180, 244]",SGGE.tsv
no i'll,2,327,"[225, 327]",SGGE.tsv
argos,1,342,"[341, 342]",SGGE.tsv
with my,2,502,"[368, 406, 502]",SGGE.tsv
use to,2,402,"[274, 277, 279, 402, 404, 866, 878, 921]",SGGE.tsv
can't get,2,418,"[215, 418]",SGGE.tsv
the other two,3,518,"[516, 518]",SGGE.tsv
yeah it,2,574,"[504, 574]",SGGE.tsv
take my,2,576,"[237, 576]",SGGE.tsv
my tea,2,576,"[559, 576]",SGGE.tsv
know whether,2,580,"[432, 580]",SGGE.tsv
this be my,3,635,"[348, 635]",SGGE.tsv
the box,2,646,"[490, 646]",SGGE.tsv
throw,1,780,"[266, 780]",SGGE.tsv
it it's not,3,796,"[215, 796]",SGGE.tsv
yeah it be,3,810,"[504, 810]",SGGE.tsv
run,1,828,"[516, 828]",SGGE.tsv
use to be,3,878,"[279, 878]",SGGE.tsv
put the,2,902,"[301, 902]",SGGE.tsv
